Eric Harper <harperic@umich.edu> harperic <harperic@umich.edu>
Eric Harper <harperic@umich.edu> harperic <eharp1126@gmail.com>
Vyas Ramasubramani <vramasub@umich.edu> Vyas <vramasub@umich.edu>
Vyas Ramasubramani <vramasub@umich.edu> Vyas Ramasubramani <vyas.ramasubramani@gmail.com>
Vyas Ramasubramani <vramasub@umich.edu> vyasr <vyas.ramasubramani@gmail.com>
Vyas Ramasubramani <vramasub@umich.edu> vyasr <vramasub@umich.edu>
Richmond Newman <newmanrs@umich.edu> Richmond <newmanrs@umich.edu>
Richmond Newman <newmanrs@umich.edu> newmanrs <newmanrs@umich.edu>
Richmond Newman <newmanrs@umich.edu> Richmond Newman <rsnewman@seattlecca.org>
Antonio Osorio <aosorio@umich.edu> Antonio Osorio <antonio.f.osorio@gmail.com>
M. Eric Irrgang <eirrgang@umich.edu> Eric Irrgang <eirrgang@umich.edu>
Erin Teich <erteich@umich.edu> Erin G Teich <erteich@umich.edu>
Erin Teich <erteich@umich.edu> Erin Teich <erteich@SEASNet-14-21.seas.upenn.edu>
Chrisy Du <xiyudu@umich.edu> Chrisy Du <xiyudu@horton.engin.umich.edu>
Chrisy Du <xiyudu@umich.edu> Chrisy Du <xiyudu@colavito.engin.umich.edu>
Chrisy Du <xiyudu@umich.edu> Chrisy Du <xiyudu@Chrisys-MacBook-Pro.local>
Chrisy Du <xiyudu@umich.edu> Chrisy Du <xiyudu@host-180.subnet-108.med.umich.edu>
Ryan Marson <rmarson@umich.edu> Ryan <rmarson@umich.edu>
Ryan Marson <rmarson@umich.edu> rmarson <rmarson@hornsby.engin.umich.edu>
Benjamin Schultz <baschult@umich.edu> Ben Schultz <benjamin.a.schultz@gmail.com>
Benjamin Schultz <baschult@umich.edu> Benjamin Schultz <benjamin.a.schultz@gmail.com>
Joshua A. Anderson <joaander@umich.edu> Joshua A Anderson <joaander@umich.edu>
Joshua A. Anderson <joaander@umich.edu> Joshua Anderson <joaander@umich.edu>
Tom Grubb <tgrubb@umich.edu> tgrubb <tgrubb@lolich.engin.umich.edu>
James Antonaglia <jamesaan@umich.edu> Jim <jamesaan@umich.edu>
Rose Cersonsky <rosecers@umich.edu> rosecers <rosecers@umich.edu>
Carolyn Phillips <phillicl@umich.edu> phillicl <phillicl@Pedroia.local>
Carolyn Phillips <phillicl@umich.edu> phillicl <phillicl@dhcp-interpro-chry8.public.engin.umich.edu>
Mayank Agrawal <amayank@umich.edu> Mayank Agrawal <amayank@whitaker.engin.umich.edu>
Mayank Agrawal <amayank@umich.edu> Mayank Agrawal <amayank@whitaker.local>
Jens Glaser <jsglaser@umich.edu> Jens-Steffen Glaser <jsglaser@umich.edu>
Bryan VanSaders <bvansade@umich.edu> Bryan Vansaders <bvansade@umich.edu>
Tim Moore <mtimc@umich.edu> Timothy Moore <mootimot@perry.engin.umich.edu>
Tim Moore <mtimc@umich.edu> mootimot <tcmoore3@gmail.com>
Tim Moore <mtimc@umich.edu> Tim Moore <mootimot@umich.edu>
Andrew Karas <askaras@umich.edu> Andrew Karas <askaras@codeblue.umich.edu>
Andrew Karas <askaras@umich.edu> Andrew <askaras@umich.edu>
Alex Dutton <alxdttn@umich.edu> alxdttn <alxdttn@umich.edu>
Matt Palathingal <mattjose@umich.edu> Matthew Palathingal <mattjose@umich.edu>
Kelly Wang <kelwang@umich.edu> Kelly Wang <47036428+k-l-wang@users.noreply.github.com>
Fengyi Gao <gaofy@umich.edu> fengyigao <gaofy@umich.edu>
Jin Soo Ihm <jinihm@umich.edu> jinsoo960 <jinihm@umich.edu>
Jiwoong Yu <jiwoongs0510@gmail.com> yjw0510 <jiwoongs0510@gmail.com>
Kelly Wang <kelwang@umich.edu> Kelly Wang <47036428+klywang@users.noreply.github.com>
Michael Stryk <mstryk@umich.edu> mstryk <60406122+mstryk@users.noreply.github.com>
Tommy Waltmann <tomwalt@umich.edu> tommy-waltmann <53307607+tommy-waltmann@users.noreply.github.com>
Patrick Lawton <plawton@umich.edu> patricklawton <plawton@umich.edu>
dependabot <dependabot[bot]@users.noreply.github.com> dependabot[bot] <49699333+dependabot[bot]@users.noreply.github.com>
Pavel Buslaev <pbuslaev@gmail.com> pbuslaev <pbuslaev@gmail.com>
Maya Martirossyan <mmm457@cornell.edu> mmartirossyan <mmm457@cornell.edu>
